<?xml version="1.0"?>
<doc>
    <assembly>
        <name>Microsoft.ML.SamplesUtils</name>
    </assembly>
    <members>
        <member name="M:Microsoft.ML.SamplesUtils.DatasetUtils.DownloadHousingRegressionDataset">
            <summary>
            Downloads the housing dataset from the ML.NET repo.
            </summary>
        </member>
        <member name="M:Microsoft.ML.SamplesUtils.DatasetUtils.DownloadSentimentDataset">
            <summary>
            Downloads the wikipedia detox dataset from the ML.NET repo.
            </summary>
        </member>
        <member name="M:Microsoft.ML.SamplesUtils.DatasetUtils.DownloadAdultDataset">
            <summary>
            Downloads the adult dataset from the ML.NET repo.
            </summary>
        </member>
        <member name="M:Microsoft.ML.SamplesUtils.DatasetUtils.DownloadBreastCancerDataset">
            <summary>
            Downloads the breast cancer dataset from the ML.NET repo.
            </summary>
        </member>
        <member name="T:Microsoft.ML.SamplesUtils.DatasetUtils.SampleInput">
            <summary>
            A simple set of features that help generate the Target column, according to a function.
            Used for the transformers/estimators working on numeric data.
            </summary>
        </member>
        <member name="M:Microsoft.ML.SamplesUtils.DatasetUtils.GetInputData">
            <summary>
            Returns a sample of a numeric dataset.
            </summary>
        </member>
        <member name="T:Microsoft.ML.SamplesUtils.DatasetUtils.SampleSentimentData">
            <summary>
            A dataset that contains a tweet and the sentiment assigned to that tweet: 0 - negative and 1 - positive sentiment.
            </summary>
        </member>
        <member name="M:Microsoft.ML.SamplesUtils.DatasetUtils.GetSentimentData">
            <summary>
            Returns a sample of the sentiment dataset.
            </summary>
        </member>
        <member name="T:Microsoft.ML.SamplesUtils.DatasetUtils.SampleTopicsData">
            <summary>
            A dataset that contains one column with two set of keys assigned to a body of text: Review and ReviewReverse.
            The dataset will be used to classify how accurately the keys are assigned to the text.
            </summary>
        </member>
        <member name="M:Microsoft.ML.SamplesUtils.DatasetUtils.GetTopicsData">
            <summary>
            Returns a sample of the topics dataset.
            </summary>
        </member>
        <member name="T:Microsoft.ML.SamplesUtils.DatasetUtils.SampleInfertData">
            <summary>
            Represents the column of the infertility dataset.
            </summary>
        </member>
        <member name="M:Microsoft.ML.SamplesUtils.DatasetUtils.GetInfertData">
            <summary>
            Returns a few rows of the infertility dataset.
            </summary>
        </member>
        <member name="M:Microsoft.ML.SamplesUtils.DatasetUtils.GetVectorOfNumbersData">
            <summary>
            Returns a few rows of the infertility dataset.
            </summary>
        </member>
    </members>
</doc>
