<?xml version="1.0"?>
<doc>
    <assembly>
        <name>Microsoft.ML.Recommender</name>
    </assembly>
    <members>
        <member name="T:Microsoft.ML.Trainers.Recommender.MatrixFactorizationPredictor">
            <summary>
            <see cref="T:Microsoft.ML.Trainers.Recommender.MatrixFactorizationPredictor"/> stores two factor matrices, P and Q, for approximating the training matrix, R, by P * Q,
            where * is a matrix multiplication. This predictor expects two inputs, row index and column index, and produces the (approximated)
            value at the location specified by the two inputs in R. More specifically, if input row and column indices are u and v, respectively.
            The output (a scalar) would be the inner product product of the u-th row in P and the v-th column in Q.
            </summary>
        </member>
        <member name="M:Microsoft.ML.Trainers.Recommender.MatrixFactorizationPredictor.Create(Microsoft.ML.IHostEnvironment,Microsoft.ML.Model.ModelLoadContext)">
            <summary>
            Load model from the given context
            </summary>
        </member>
        <member name="M:Microsoft.ML.Trainers.Recommender.MatrixFactorizationPredictor.Save(Microsoft.ML.Model.ModelSaveContext)">
            <summary>
            Save model to the given context
            </summary>
        </member>
        <member name="M:Microsoft.ML.Trainers.Recommender.MatrixFactorizationPredictor.Microsoft#ML#Internal#Internallearn#ICanSaveInTextFormat#SaveAsText(System.IO.TextWriter,Microsoft.ML.Data.RoleMappedSchema)">
            <summary>
            Save the trained matrix factorization model (two factor matrices) in text format
            </summary>
        </member>
        <member name="M:Microsoft.ML.Trainers.Recommender.MatrixFactorizationPredictor.GetMapper``3">
            <summary>
            Create the mapper required by matrix factorization's predictor. That mapper maps two
            index inputs (e.g., row index and column index) to an approximated value located by the
            two indexes in the training matrix. In recommender system where the training matrix stores
            ratings from users to items, the mappers maps user ID and item ID to the rating of that
            item given by the user.
            </summary>
        </member>
        <member name="M:Microsoft.ML.Trainers.Recommender.MatrixFactorizationPredictor.Microsoft#ML#Data#ISchemaBindableMapper#Bind(Microsoft.ML.IHostEnvironment,Microsoft.ML.Data.RoleMappedSchema)">
            <summary>
            Create a row mapper based on regression scorer. Because matrix factorization predictor maps a tuple of a row ID (u) and a column ID (v)
            to the expected numerical value at the u-th row and the v-th column in the considered matrix, it is essentially a regressor.
            </summary>
        </member>
        <member name="M:Microsoft.ML.Trainers.Recommender.MatrixFactorizationPredictionTransformer.#ctor(Microsoft.ML.IHostEnvironment,Microsoft.ML.Trainers.Recommender.MatrixFactorizationPredictor,Microsoft.ML.Data.Schema,System.String,System.String,System.String)">
            <summary>
            Build a transformer based on matrix factorization predictor (model) and the input schema (trainSchema). The created
            transformer can only transform IDataView objects compatible to the input schema; that is, that IDataView must contain
            columns specified by <see cref="P:Microsoft.ML.Trainers.Recommender.MatrixFactorizationPredictionTransformer.MatrixColumnIndexColumnName"/>, <see cref="P:Microsoft.ML.Trainers.Recommender.MatrixFactorizationPredictionTransformer.MatrixColumnIndexColumnType"/>, <see cref="P:Microsoft.ML.Trainers.Recommender.MatrixFactorizationPredictionTransformer.MatrixRowIndexColumnName"/>, and <see cref="P:Microsoft.ML.Trainers.Recommender.MatrixFactorizationPredictionTransformer.MatrixRowIndexColumnType"></see>.
            The output column is "Score" by default but user can append a string to it.
            </summary>
            <param name="env">Eviroment object for showing information</param>
            <param name="model">The model trained by one of the training functions in <see cref="T:Microsoft.ML.Trainers.MatrixFactorizationTrainer"/></param>
            <param name="trainSchema">Targeted schema that containing columns named as xColumnName</param>
            <param name="matrixColumnIndexColumnName">The name of the column used as role <see cref="P:Microsoft.ML.Recommender.RecommenderUtils.MatrixColumnIndexKind"/> in matrix factorization world</param>
            <param name="matrixRowIndexColumnName">The name of the column used as role <see cref="P:Microsoft.ML.Recommender.RecommenderUtils.MatrixRowIndexKind"/> in matrix factorization world</param>
            <param name="scoreColumnNameSuffix">A string attached to the output column name of this transformer</param>
        </member>
        <member name="M:Microsoft.ML.Trainers.Recommender.MatrixFactorizationPredictionTransformer.#ctor(Microsoft.ML.IHostEnvironment,Microsoft.ML.Model.ModelLoadContext)">
            <summary>
            The counter constructor of re-creating <see cref="T:Microsoft.ML.Trainers.Recommender.MatrixFactorizationPredictionTransformer"/> from the context where
            the original transform is saved.
            </summary>
        </member>
        <member name="T:Microsoft.ML.Trainers.MatrixFactorizationTrainer">
             <summary>
             Train a matrix factorization model. It factorizes the training matrix into the product of two low-rank matrices.
             </summary>
             <remarks>
             <para>The basic idea of matrix factorization is finding two low-rank factor marcies to apporimate the training matrix.
             In this module, the expected training data is a list of tuples. Every tuple consists of a column index, a row index,
             and the value at the location specified by the two indexes. For an example data structure of a tuple, one can use:
             </para>
             <code language="csharp">
             // The following variables defines the shape of a m-by-n matrix. The variable firstRowIndex indicates the integer that
             // would be mapped to the first row index. If user data uses 0-based indices for rows, firstRowIndex can be set to 0.
             // Similarly, for 1-based indices, firstRowIndex could be 1.
             const int firstRowIndex = 1;
             const int firstColumnIndex = 1;
             const int m = 60;
             const int n = 100;
            
             // A tuple of row index, column index, and rating. It specifies a value in the rating matrix.
             class MatrixElement
             {
                 // Matrix column index starts from firstColumnIndex and is at most firstColumnIndex+n-1.
                 // Contieuous=true means that all values from firstColumnIndex to firstColumnIndex+n-1 are allowed keys.
                 // [KeyType(Contiguous = true, Count = n, Min = firstColumnIndex)]
                 // public uint MatrixColumnIndex;
                 // Matrix row index starts from firstRowIndex and is at most firstRowIndex+m-1.
                 // Contieuous=true means that all values from firstRowIndex to firstRowIndex+m-1 are allowed keys.
                 [KeyType(Contiguous = true, Count = m, Min = firstRowIndex)]
                 public uint MatrixRowIndex;
                 // The rating at the MatrixColumnIndex-th column and the MatrixRowIndex-th row.
                 public float Value;
             }
             </code>
             <para> Notice that it's not necessary to specify all entries in the training matrix, so matrix factorization can be used to fill <i>missing values</i>.
             This behavior is very helpful when building recommender systems.</para>
             <para>To provide a better understanding on practical uses of matrix factorization, let's consider music recommendation as an example.
             Assume that user IDs and music IDs are used as row and column indexes, respectively, and matrix's values are ratings provided by those users. That is,
             rating <i>r</i> at row <i>r</i> and column <i>v</i> means that user <i>u</i> give <i>r</i> to item <i>v</i>.
             An imcomplete matrix is very common because not all users may provide their feedbacks to all products (for example, no one can rate ten million songs).
             Assume that<i>R</i> is a m-by-n rating matrix and the rank of the two factor matrices are<i>P</i> (m-by-k matrix) and <i>Q</i> (n-by-k matrix), where k is the approximation rank.
             The predicted rating at the u-th row and the v-th column in <i>R</i> would be the inner product of the u-th row of P and the v-th row of Q; that is,
             <i>R</i> is approximated by the product of <i>P</i>'s transpose and <i>Q</i>. This trainer implements
             <a href='https://www.csie.ntu.edu.tw/~cjlin/papers/libmf/mf_adaptive_pakdd.pdf'>a stochastic gradient method</a> for finding <i>P</i>
             and <i>Q</i> via minimizing the distance between<i> R</i> and the product of <i>P</i>'s transpose and Q.</para>.
             <para>For users interested in the mathematical details, please see the references below.</para>
             <list type = 'bullet'>
                 <item>
                     <description><a href='https://www.csie.ntu.edu.tw/~cjlin/papers/libmf/libmf_journal.pdf' > A Fast Parallel Stochastic Gradient Method for Matrix Factorization in Shared Memory Systems</a></description>
                 </item>
                 <item>
                     <description><a href='https://www.csie.ntu.edu.tw/~cjlin/papers/libmf/mf_adaptive_pakdd.pdf' > A Learning-rate Schedule for Stochastic Gradient Methods to Matrix Factorization</a></description>
                 </item>
                 <item>
                     <description><a href='https://www.csie.ntu.edu.tw/~cjlin/papers/libmf/libmf_open_source.pdf' > LIBMF: A Library for Parallel Matrix Factorization in Shared-memory Systems</a></description>
                 </item>
             </list>
             </remarks>
             <example>
             <format type="text/markdown">
             <![CDATA[
             [!code-csharp[MF](~/../docs/samples/docs/samples/Microsoft.ML.Samples/Dynamic/MatrixFactorization.cs)]
             ]]>
             </format>
             </example>
        </member>
        <member name="F:Microsoft.ML.Trainers.MatrixFactorizationTrainer.Arguments.LossFunction">
            <summary>
            Loss function minimized for finding factor matrices.  Two values are allowed, 0 or 12. The values 0 means traditional collaborative filtering
            problem with squared loss. The value 12 triggers one-class matrix factorization for implicit-feedback recommendation problem.
            </summary>
        </member>
        <member name="F:Microsoft.ML.Trainers.MatrixFactorizationTrainer.Arguments.Alpha">
            <summary>
            Importance of unobserved (i.e., negative) entries' loss in one-class matrix factorization.
            In general, only a few of matrix entries (e.g., less than 1%) in the training are observed (i.e., positive).
            To balance the contributions from unobserved and obverved in the overall loss function, this parameter is
            usually a small value so that the solver is able to find a factorization equally good to unobserved and observed
            entries. If only 10000 observed entries present in a 200000-by-300000 training matrix, one can try Alpha = 10000 / (200000*300000 - 10000).
            When most entries in the training matrix are observed, one can use Alpha >> 1; for example, if only 10000 in previous
            matrix is not observed, one can try Alpha = (200000 * 300000 - 10000) / 10000. Consequently,
            Alpha = (# of observed entries) / (# of unobserved entries) can make observed and unobserved entries equally important
            in the minimized loss function. However, the best setting in machine learning is alwasy data-depedent so user still needs to
            try multiple values.
            </summary>
        </member>
        <member name="F:Microsoft.ML.Trainers.MatrixFactorizationTrainer.Arguments.C">
            <summary>
            Desired negative entries value in one-class matrix factorization. In one-class matrix factorization, all matrix values observed are one
            (which can be viewed as positive cases in binary classification) while unobserved values (which can be viewed as negative cases in binary
            classification) need to be specified manually using this option.
            </summary>
        </member>
        <member name="F:Microsoft.ML.Trainers.MatrixFactorizationTrainer.MatrixColumnIndexName">
            <summary>
            The row index, column index, and label columns needed to specify the training matrix. This trainer uses tuples of (row index, column index, label value) to specify a matrix.
            For example, a 2-by-2 matrix
              [9, 4]
              [8, 7]
            can be encoded as tuples (0, 0, 9), (0, 1, 4), (1, 0, 8), and (1, 1, 7). It means that the row/column/label column contains [0, 0, 1, 1]/
            [0, 1, 0, 1]/[9, 4, 8, 7].
            </summary>
            <summary>
            The name of variable (i.e., Column in a <see cref="T:Microsoft.ML.Data.IDataView"/> type system) used be as matrix's column index.
            </summary>
        </member>
        <member name="F:Microsoft.ML.Trainers.MatrixFactorizationTrainer.MatrixRowIndexName">
            <summary>
            The name of variable (i.e., column in a <see cref="T:Microsoft.ML.Data.IDataView"/> type system) used as matrix's row index.
            </summary>
        </member>
        <member name="F:Microsoft.ML.Trainers.MatrixFactorizationTrainer.LabelName">
            <summary>
            The name variable (i.e., column in a <see cref="T:Microsoft.ML.Data.IDataView"/> type system) used as matrix's element value.
            </summary>
        </member>
        <member name="P:Microsoft.ML.Trainers.MatrixFactorizationTrainer.Info">
            <summary>
            The <see cref="T:Microsoft.ML.TrainerInfo"/> contains general parameters for this trainer.
            </summary>
        </member>
        <member name="M:Microsoft.ML.Trainers.MatrixFactorizationTrainer.#ctor(Microsoft.ML.IHostEnvironment,Microsoft.ML.Trainers.MatrixFactorizationTrainer.Arguments)">
            <summary>
            Legacy constructor initializing a new instance of <see cref="T:Microsoft.ML.Trainers.MatrixFactorizationTrainer"/> through the legacy
            <see cref="T:Microsoft.ML.Trainers.MatrixFactorizationTrainer.Arguments"/> class.
            </summary>
            <param name="env">The private instance of <see cref="T:Microsoft.ML.IHostEnvironment"/>.</param>
            <param name="args">An instance of the legacy <see cref="T:Microsoft.ML.Trainers.MatrixFactorizationTrainer.Arguments"/> to apply advanced parameters to the algorithm.</param>
        </member>
        <member name="M:Microsoft.ML.Trainers.MatrixFactorizationTrainer.#ctor(Microsoft.ML.IHostEnvironment,System.String,System.String,System.String,System.Action{Microsoft.ML.Trainers.MatrixFactorizationTrainer.Arguments})">
            <summary>
            Initializing a new instance of <see cref="T:Microsoft.ML.Trainers.MatrixFactorizationTrainer"/>.
            </summary>
            <param name="env">The private instance of <see cref="T:Microsoft.ML.IHostEnvironment"/>.</param>
            <param name="matrixColumnIndexColumnName">The name of the column hosting the matrix's column IDs.</param>
            <param name="matrixRowIndexColumnName">The name of the column hosting the matrix's row IDs.</param>
            <param name="labelColumn">The name of the label column.</param>
            <param name="advancedSettings">A delegate to apply all the advanced arguments to the algorithm.</param>
        </member>
        <member name="M:Microsoft.ML.Trainers.MatrixFactorizationTrainer.Train(Microsoft.ML.TrainContext)">
            <summary>
            Train a matrix factorization model based on training data, validation data, and so on in the given context.
            </summary>
            <param name="context">The information collection needed for training. <see cref="T:Microsoft.ML.TrainContext"/> for details.</param>
        </member>
        <member name="M:Microsoft.ML.Trainers.MatrixFactorizationTrainer.Train(Microsoft.ML.Data.IDataView,Microsoft.ML.Data.IDataView)">
            <summary>
            Train a matrix factorization model based on the input <see cref="T:Microsoft.ML.Data.IDataView"/>
            using the roles specified by <see cref="P:Microsoft.ML.Recommender.RecommenderUtils.MatrixColumnIndexKind"/> and <see cref="P:Microsoft.ML.Recommender.RecommenderUtils.MatrixRowIndexKind"/> in <see cref="T:Microsoft.ML.Trainers.MatrixFactorizationTrainer"/>.
            </summary>
            <param name="trainData">The training data set.</param>
            <param name="validationData">The validation data set.</param>
        </member>
        <member name="M:Microsoft.ML.Trainers.MatrixFactorizationTrainer.Fit(Microsoft.ML.Data.IDataView)">
            <summary>
            Train a matrix factorization model based on the input <see cref="T:Microsoft.ML.Data.IDataView"/>
            using the roles specified by <see cref="P:Microsoft.ML.Recommender.RecommenderUtils.MatrixColumnIndexKind"/> and <see cref="P:Microsoft.ML.Recommender.RecommenderUtils.MatrixRowIndexKind"/> in <see cref="T:Microsoft.ML.Trainers.MatrixFactorizationTrainer"/>.
            </summary>
            <param name="input">The training data set.</param>
        </member>
        <member name="M:Microsoft.ML.RecommenderCatalog.Recommendation(Microsoft.ML.MLContext)">
            <summary>
            Trainers and tasks specific to ranking problems.
            </summary>
        </member>
        <member name="T:Microsoft.ML.RecommendationContext">
            <summary>
            The central context for regression trainers.
            </summary>
        </member>
        <member name="P:Microsoft.ML.RecommendationContext.Trainers">
            <summary>
            For trainers for performing regression.
            </summary>
        </member>
        <member name="M:Microsoft.ML.RecommendationContext.RecommendationTrainers.MatrixFactorization(System.String,System.String,System.String,System.Action{Microsoft.ML.Trainers.MatrixFactorizationTrainer.Arguments})">
            <summary>
            Train a matrix factorization model. It factorizes the training matrix into the product of two low-rank matrices.
            </summary>
            <remarks>
            <para>The basic idea of matrix factorization is finding two low-rank factor marcies to apporimate the training matrix.</para>
            <para>In this module, the expected training data is a list of tuples. Every tuple consists of a column index, a row index,
            and the value at the location specified by the two indexes.
            </para>
            </remarks>
            <param name="matrixColumnIndexColumnName">The name of the column hosting the matrix's column IDs.</param>
            <param name="matrixRowIndexColumnName">The name of the column hosting the matrix's row IDs.</param>
            <param name="labelColumn">The name of the label column.</param>
            <param name="advancedSettings">A delegate to apply all the advanced arguments to the algorithm.</param>
        </member>
        <member name="M:Microsoft.ML.RecommendationContext.Evaluate(Microsoft.ML.Data.IDataView,System.String,System.String)">
            <summary>
            Evaluates the scored recommendation data.
            </summary>
            <param name="data">The scored data.</param>
            <param name="label">The name of the label column in <paramref name="data"/>.</param>
            <param name="score">The name of the score column in <paramref name="data"/>.</param>
            <returns>The evaluation results for these calibrated outputs.</returns>
        </member>
        <member name="M:Microsoft.ML.RecommendationContext.CrossValidate(Microsoft.ML.Data.IDataView,Microsoft.ML.Core.Data.IEstimator{Microsoft.ML.Core.Data.ITransformer},System.Int32,System.String,System.String,System.Nullable{System.UInt32})">
            <summary>
            Run cross-validation over <paramref name="numFolds"/> folds of <paramref name="data"/>, by fitting <paramref name="estimator"/>,
            and respecting <paramref name="stratificationColumn"/> if provided.
            Then evaluate each sub-model against <paramref name="labelColumn"/> and return metrics.
            </summary>
            <param name="data">The data to run cross-validation on.</param>
            <param name="estimator">The estimator to fit.</param>
            <param name="numFolds">Number of cross-validation folds.</param>
            <param name="labelColumn">The label column (for evaluation).</param>
            <param name="stratificationColumn">Optional name of the column to use as a stratification column. If two examples share the same value of the <paramref name="stratificationColumn"/>
            (if provided), they are guaranteed to appear in the same subset (train or test). Use this to make sure there is no label leakage from train to the test set.
            If this optional parameter is not provided, a stratification columns will be generated, and its values will be random numbers .</param>
            <param name="seed">Optional parameter used in combination with the <paramref name="stratificationColumn"/>.
            If the <paramref name="stratificationColumn"/> is not provided, the random numbers generated to create it, will use this seed as value.
            And if it is not provided, the default value will be used.</param>
            <returns>Per-fold results: metrics, models, scored datasets.</returns>
        </member>
        <member name="M:Microsoft.ML.Recommender.RecommenderUtils.CheckAndGetMatrixIndexColumns(Microsoft.ML.Data.RoleMappedData,Microsoft.ML.Data.Schema.Column@,Microsoft.ML.Data.Schema.Column@,System.Boolean)">
            <summary>
            Check if the considered data, <see cref="T:Microsoft.ML.Data.RoleMappedData"/>, contains column roles specified by <see cref="P:Microsoft.ML.Recommender.RecommenderUtils.MatrixColumnIndexKind"/> and <see cref="P:Microsoft.ML.Recommender.RecommenderUtils.MatrixRowIndexKind"/>.
            If the column roles, <see cref="P:Microsoft.ML.Recommender.RecommenderUtils.MatrixColumnIndexKind"/> and <see cref="P:Microsoft.ML.Recommender.RecommenderUtils.MatrixRowIndexKind"/>, uniquely exist in data, their <see cref="T:Microsoft.ML.Data.Schema.Column"/> would be assigned
            to the two out parameters below.
            </summary>
            <param name="data">The considered data being checked</param>
            <param name="matrixColumnIndexColumn">The schema column as the row in the input data</param>
            <param name="matrixRowIndexColumn">The schema column as the column in the input data</param>
            <param name="isDecode">Whether a non-user error should be thrown as a decode</param>
        </member>
        <member name="M:Microsoft.ML.Recommender.RecommenderUtils.TryMarshalGoodRowColumnType(Microsoft.ML.Data.ColumnType,Microsoft.ML.Data.KeyType@)">
            <summary>
            Returns whether a type is a U4 key of known cardinality, and if so, sets
            <paramref name="keyType"/> to a non-null value.
            </summary>
        </member>
        <member name="M:Microsoft.ML.Recommender.RecommenderUtils.CheckRowColumnType(Microsoft.ML.Data.RoleMappedData,Microsoft.ML.Data.RoleMappedSchema.ColumnRole,Microsoft.ML.Data.Schema.Column@,System.Boolean)">
            <summary>
            Checks whether a column kind in a <see cref="T:Microsoft.ML.Data.RoleMappedData"/> is unique, and its type
            is a <see cref="F:Microsoft.ML.Data.DataKind.U4"/> key of known cardinality.
            </summary>
            <param name="data">The training examples</param>
            <param name="role">The column role to try to extract</param>
            <param name="col">The extracted schema column</param>
            <param name="isDecode">Whether a non-user error should be thrown as a decode</param>
            <returns>The type cast to a key-type</returns>
        </member>
        <member name="P:Microsoft.ML.Recommender.RecommenderUtils.MatrixColumnIndexKind">
            <summary>
            The column role that is treated as column index in matrix factorization problem
            </summary>
        </member>
        <member name="P:Microsoft.ML.Recommender.RecommenderUtils.MatrixRowIndexKind">
            <summary>
            The column role that is treated as row index in matrix factorization problem
            </summary>
        </member>
        <member name="T:Microsoft.ML.Recommender.Internal.SafeTrainingAndModelBuffer">
            <summary>
            Contains mirrors of unmanaged struct import extern functions from mf.h / mf.cpp, which implements Matrix Factorization in native C++.
            It also wraps/bridges the train, traintest and cv interfaces ready for ML.NET infra.
            </summary>
        </member>
        <member name="F:Microsoft.ML.Recommender.Internal.SafeTrainingAndModelBuffer.MFParameter.Fun">
            <summary>
            Enum of loss functions which can be minimized.
             0: square loss for regression.
             1: absolute loss for regression.
             2: KL-divergence for regression.
             5: logistic loss for binary classification.
             6: squared hinge loss for binary classification.
             7: hinge loss for binary classification.
             10: row-wise Bayesian personalized ranking.
             11: column-wise Bayesian personalized ranking.
             12: squared loss for implicit-feedback matrix factorization.
            Fun 12 is solved by a coordinate descent method while other functions invoke
            a stochastic gradient method.
            </summary>
        </member>
        <member name="F:Microsoft.ML.Recommender.Internal.SafeTrainingAndModelBuffer.MFParameter.K">
            <summary>
            Rank of factor matrices.
            </summary>
        </member>
        <member name="F:Microsoft.ML.Recommender.Internal.SafeTrainingAndModelBuffer.MFParameter.NrThreads">
            <summary>
            Number of threads which can be used for training.
            </summary>
        </member>
        <member name="F:Microsoft.ML.Recommender.Internal.SafeTrainingAndModelBuffer.MFParameter.NrBins">
            <summary>
            Number of blocks that the training matrix is divided into. The parallel stochastic gradient
            method in LIBMF processes assigns each thread a block at one time. The ratings in one block
            would be sequentially accessed (not randomaly accessed like standard stochastic gradient methods).
            </summary>
        </member>
        <member name="F:Microsoft.ML.Recommender.Internal.SafeTrainingAndModelBuffer.MFParameter.NrIters">
            <summary>
            Number of training iteration. At one iteration, all values in the training matrix are roughly accessed once.
            </summary>
        </member>
        <member name="F:Microsoft.ML.Recommender.Internal.SafeTrainingAndModelBuffer.MFParameter.LambdaP1">
            <summary>
            L1-norm regularization coefficient of left factor matrix.
            </summary>
        </member>
        <member name="F:Microsoft.ML.Recommender.Internal.SafeTrainingAndModelBuffer.MFParameter.LambdaP2">
            <summary>
            L2-norm regularization coefficient of left factor matrix.
            </summary>
        </member>
        <member name="F:Microsoft.ML.Recommender.Internal.SafeTrainingAndModelBuffer.MFParameter.LambdaQ1">
            <summary>
            L1-norm regularization coefficient of right factor matrix.
            </summary>
        </member>
        <member name="F:Microsoft.ML.Recommender.Internal.SafeTrainingAndModelBuffer.MFParameter.LambdaQ2">
            <summary>
            L2-norm regularization coefficient of right factor matrix.
            </summary>
        </member>
        <member name="F:Microsoft.ML.Recommender.Internal.SafeTrainingAndModelBuffer.MFParameter.Eta">
            <summary>
            Learning rate of LIBMF's stochastic gradient method.
            </summary>
        </member>
        <member name="F:Microsoft.ML.Recommender.Internal.SafeTrainingAndModelBuffer.MFParameter.Alpha">
            <summary>
            Coefficient of loss function on unobserved entries in the training matrix. It's used only with fun=12.
            </summary>
        </member>
        <member name="F:Microsoft.ML.Recommender.Internal.SafeTrainingAndModelBuffer.MFParameter.C">
            <summary>
            Desired value of unobserved entries in the training matrix. It's used only with fun=12.
            </summary>
        </member>
        <member name="F:Microsoft.ML.Recommender.Internal.SafeTrainingAndModelBuffer.MFParameter.DoNmf">
            <summary>
            Specify if the factor matrices should be non-negative.
            </summary>
        </member>
        <member name="F:Microsoft.ML.Recommender.Internal.SafeTrainingAndModelBuffer.MFParameter.Quiet">
            <summary>
            Set to true so that LIBMF may produce less information to STDOUT.
            </summary>
        </member>
        <member name="F:Microsoft.ML.Recommender.Internal.SafeTrainingAndModelBuffer.MFParameter.CopyData">
            <summary>
            Set to false so that LIBMF may reuse and modifiy the data passed in.
            </summary>
        </member>
        <member name="F:Microsoft.ML.Recommender.Internal.SafeTrainingAndModelBuffer.MFModel.M">
            <summary>
            Number of rows in the training matrix.
            </summary>
        </member>
        <member name="F:Microsoft.ML.Recommender.Internal.SafeTrainingAndModelBuffer.MFModel.N">
            <summary>
            Number of columns in the training matrix.
            </summary>
        </member>
        <member name="F:Microsoft.ML.Recommender.Internal.SafeTrainingAndModelBuffer.MFModel.K">
            <summary>
            Rank of factor matrices.
            </summary>
        </member>
        <member name="F:Microsoft.ML.Recommender.Internal.SafeTrainingAndModelBuffer.MFModel.B">
            <summary>
            Average value in the training matrix.
            </summary>
        </member>
        <member name="F:Microsoft.ML.Recommender.Internal.SafeTrainingAndModelBuffer.MFModel.P">
            <summary>
            Left factor matrix. Its shape is M-by-K stored in row-major format.
            </summary>
        </member>
        <member name="F:Microsoft.ML.Recommender.Internal.SafeTrainingAndModelBuffer.MFModel.Q">
            <summary>
            Right factor matrix. Its shape is N-by-K stored in row-major format.
            </summary>
        </member>
    </members>
</doc>
